,B1000_Qh_40_kWh,B1000_Qh_60_kWh,B1000_el_kWh,B1001_Qh_40_kWh,B1001_el_kWh,B1002_Qh_40_kWh,B1002_Qh_60_kWh,B1002_el_kWh,B1003_Qh_40_kWh,B1003_Qh_60_kWh,B1003_el_kWh,B1004_Qh_40_kWh,B1004_Qh_60_kWh,B1004_el_kWh,B1005_Qh_40_kWh,B1005_Qh_60_kWh,B1005_el_kWh,B1006_Qh_40_kWh,B1006_Qh_60_kWh,B1006_el_kWh,B1007_Qh_40_kWh,B1007_Qh_60_kWh,B1007_el_kWh,B1008_Qh_40_kWh,B1008_Qh_60_kWh,B1008_el_kWh,B1009_Qh_60_kWh,B1009_el_kWh,B1010_Qh_40_kWh,B1010_Qh_60_kWh,B1010_el_kWh,B1011_Qh_40_kWh,B1011_Qh_60_kWh,B1011_el_kWh,B1012_Qh_40_kWh,B1012_Qh_60_kWh,B1012_el_kWh,B1013_Qh_40_kWh,B1013_Qh_60_kWh,B1013_el_kWh,B1014_Qh_40_kWh,B1014_Qh_60_kWh,B1014_el_kWh,B1015_Qh_40_kWh,B1015_Qh_60_kWh,B1015_el_kWh,B1016_Qh_40_kWh,B1016_Qh_60_kWh,B1016_el_kWh,B1017_Qh_40_kWh,B1017_Qh_60_kWh,B1017_el_kWh,B1018_Qh_40_kWh,B1018_Qh_60_kWh,B1018_el_kWh,B1019_Qh_40_kWh,B1019_Qh_60_kWh,B1019_el_kWh,B1020_Qh_40_kWh,B1020_Qh_60_kWh,B1020_el_kWh,B1021_Qh_40_kWh,B1021_Qh_60_kWh,B1021_el_kWh,B1022_Qh_40_kWh,B1022_Qh_60_kWh,B1022_el_kWh,B1023_Qh_40_kWh,B1023_Qh_60_kWh,B1023_el_kWh,B1024_Qh_40_kWh,B1024_Qh_60_kWh,B1024_el_kWh,B1025_Qh_40_kWh,B1025_Qh_60_kWh,B1025_el_kWh,B1026_Qh_40_kWh,B1026_Qh_60_kWh,B1026_el_kWh,B1027_Qh_40_kWh,B1027_Qh_60_kWh,B1027_el_kWh,B1028_Qh_60_kWh,B1028_el_kWh,B1029_Qh_40_kWh,B1029_Qh_60_kWh,B1029_el_kWh
0,20.526,4.675,12.821,29.430999999999997,5.55,170.842,12.472999999999999,256.54,59.751000000000005,19.186,32.624,83.667,27.767,46.302,68.36399999999999,21.953000000000003,36.657,64.32,20.491999999999997,33.634,41.265,13.01,21.623,82.446,27.193,45.19,15.708,215.072,524.126,47.63399999999999,191.172,245.06099999999998,42.982,130.298,41.528999999999996,12.895,21.62,35.708,12.564,21.357,30.201999999999998,10.113999999999999,17.825,30.805999999999997,10.14,17.070999999999998,32.805,11.123,18.146,30.248,9.912,17.320999999999998,33.162,11.113,18.719,32.996,10.522,17.329,30.296,9.587,16.435,29.449,8.959,15.165999999999999,280.944,91.34299999999999,149.637,628.185,19.605999999999998,183.329,606.169,11.333,102.23100000000001,701.802,14.190999999999999,130.78799999999998,449.209,10.488,118.213,176.452,34.228,31.284000000000002,28.395,362.03,310.653,36.124,467.73199999999997
